<?xml version="1.0" encoding="UTF-8"?>
<project-private xmlns="http://www.netbeans.org/ns/project-private/1">
    <editor-bookmarks xmlns="http://www.netbeans.org/ns/editor-bookmarks/2" lastBookmarkId="0"/>
    <open-files xmlns="http://www.netbeans.org/ns/projectui-open-files/2">
        <group>
            <file>file:/C:/Users/marco/MPLABXProjects/X2Cscope-tutorial.X/mcc_generated_files/system/pins.h</file>
            <file>file:/C:/Users/marco/MPLABXProjects/X2Cscope-tutorial.X/mcc_generated_files/examples/adc_example/adc_example.c</file>
            <file>file:/C:/Users/marco/MPLABXProjects/X2Cscope-tutorial.X/main.c</file>
            <file>file:/C:/Users/marco/MPLABXProjects/X2Cscope-tutorial.X/mcc_generated_files/system/src/pins.c</file>
            <file>file:/C:/Users/marco/MPLABXProjects/X2Cscope-tutorial.X/mcc_generated_files/adc/src/adc1.c</file>
        </group>
    </open-files>
</project-private>
